,id,name,thumbnail,highlight,webm.480,webm.max,mp4.480,mp4.max,steam_appid
0,256681637,Launch Trailer,https://cdn.akamai.steamstatic.com/steam/apps/256681637/movie.293x165.jpg?t=1491481871,True,http://cdn.akamai.steamstatic.com/steam/apps/256681637/movie480.webm?t=1491481871,http://cdn.akamai.steamstatic.com/steam/apps/256681637/movie_max.webm?t=1491481871,http://cdn.akamai.steamstatic.com/steam/apps/256681637/movie480.mp4?t=1491481871,http://cdn.akamai.steamstatic.com/steam/apps/256681637/movie_max.mp4?t=1491481871,612440
0,256710576,Full Launch Trailer,https://cdn.akamai.steamstatic.com/steam/apps/256710576/movie.293x165.jpg?t=1520512206,True,http://cdn.akamai.steamstatic.com/steam/apps/256710576/movie480.webm?t=1520512206,http://cdn.akamai.steamstatic.com/steam/apps/256710576/movie_max.webm?t=1520512206,http://cdn.akamai.steamstatic.com/steam/apps/256710576/movie480.mp4?t=1520512206,http://cdn.akamai.steamstatic.com/steam/apps/256710576/movie_max.mp4?t=1520512206,612470
1,256682643,Official Launch Trailer,https://cdn.akamai.steamstatic.com/steam/apps/256682643/movie.293x165.jpg?t=1495113195,True,http://cdn.akamai.steamstatic.com/steam/apps/256682643/movie480.webm?t=1495113195,http://cdn.akamai.steamstatic.com/steam/apps/256682643/movie_max.webm?t=1495113195,http://cdn.akamai.steamstatic.com/steam/apps/256682643/movie480.mp4?t=1495113195,http://cdn.akamai.steamstatic.com/steam/apps/256682643/movie_max.mp4?t=1495113195,612470
0,256692333,Intro,https://cdn.akamai.steamstatic.com/steam/apps/256692333/movie.293x165.jpg?t=1503102674,True,http://cdn.akamai.steamstatic.com/steam/apps/256692333/movie480.webm?t=1503102674,http://cdn.akamai.steamstatic.com/steam/apps/256692333/movie_max.webm?t=1503102674,http://cdn.akamai.steamstatic.com/steam/apps/256692333/movie480.mp4?t=1503102674,http://cdn.akamai.steamstatic.com/steam/apps/256692333/movie_max.mp4?t=1503102674,612510
0,256832737,Gameplay Trailer April 2021,https://cdn.akamai.steamstatic.com/steam/apps/256832737/movie.293x165.jpg?t=1619716151,True,http://cdn.akamai.steamstatic.com/steam/apps/256832737/movie480_vp9.webm?t=1619716151,http://cdn.akamai.steamstatic.com/steam/apps/256832737/movie_max_vp9.webm?t=1619716151,http://cdn.akamai.steamstatic.com/steam/apps/256832737/movie480.mp4?t=1619716151,http://cdn.akamai.steamstatic.com/steam/apps/256832737/movie_max.mp4?t=1619716151,612570
1,256781901,Release Trailer,https://cdn.akamai.steamstatic.com/steam/apps/256781901/movie.293x165.jpg?t=1587053649,True,http://cdn.akamai.steamstatic.com/steam/apps/256781901/movie480_vp9.webm?t=1587053649,http://cdn.akamai.steamstatic.com/steam/apps/256781901/movie_max_vp9.webm?t=1587053649,http://cdn.akamai.steamstatic.com/steam/apps/256781901/movie480.mp4?t=1587053649,http://cdn.akamai.steamstatic.com/steam/apps/256781901/movie_max.mp4?t=1587053649,612570
0,256681936,Mouse Playhouse Trailer,https://cdn.akamai.steamstatic.com/steam/apps/256681936/movie.293x165.jpg?t=1490901859,True,http://cdn.akamai.steamstatic.com/steam/apps/256681936/movie480.webm?t=1490901859,http://cdn.akamai.steamstatic.com/steam/apps/256681936/movie_max.webm?t=1490901859,http://cdn.akamai.steamstatic.com/steam/apps/256681936/movie480.mp4?t=1490901859,http://cdn.akamai.steamstatic.com/steam/apps/256681936/movie_max.mp4?t=1490901859,612590
1,256681942,Mouse Playhouse - Gameplay Trailer,https://cdn.akamai.steamstatic.com/steam/apps/256681942/movie.293x165.jpg?t=1490901869,True,http://cdn.akamai.steamstatic.com/steam/apps/256681942/movie480.webm?t=1490901869,http://cdn.akamai.steamstatic.com/steam/apps/256681942/movie_max.webm?t=1490901869,http://cdn.akamai.steamstatic.com/steam/apps/256681942/movie480.mp4?t=1490901869,http://cdn.akamai.steamstatic.com/steam/apps/256681942/movie_max.mp4?t=1490901869,612590
0,256681787,Drone Fighters Trailer,https://cdn.akamai.steamstatic.com/steam/apps/256681787/movie.293x165.jpg?t=1492789159,True,http://cdn.akamai.steamstatic.com/steam/apps/256681787/movie480.webm?t=1492789159,http://cdn.akamai.steamstatic.com/steam/apps/256681787/movie_max.webm?t=1492789159,http://cdn.akamai.steamstatic.com/steam/apps/256681787/movie480.mp4?t=1492789159,http://cdn.akamai.steamstatic.com/steam/apps/256681787/movie_max.mp4?t=1492789159,612600
0,256684298,Bombinator - Game Play - Map 6x6 - Theme Wild West,https://cdn.akamai.steamstatic.com/steam/apps/256684298/movie.293x165.jpg?t=1494013587,True,http://cdn.akamai.steamstatic.com/steam/apps/256684298/movie480.webm?t=1494013587,http://cdn.akamai.steamstatic.com/steam/apps/256684298/movie_max.webm?t=1494013587,http://cdn.akamai.steamstatic.com/steam/apps/256684298/movie480.mp4?t=1494013587,http://cdn.akamai.steamstatic.com/steam/apps/256684298/movie_max.mp4?t=1494013587,612610
1,256684300,Bombinator - Game Play - Map 6x6 - Theme Deep Space,https://cdn.akamai.steamstatic.com/steam/apps/256684300/movie.293x165.jpg?t=1494013595,True,http://cdn.akamai.steamstatic.com/steam/apps/256684300/movie480.webm?t=1494013595,http://cdn.akamai.steamstatic.com/steam/apps/256684300/movie_max.webm?t=1494013595,http://cdn.akamai.steamstatic.com/steam/apps/256684300/movie480.mp4?t=1494013595,http://cdn.akamai.steamstatic.com/steam/apps/256684300/movie_max.mp4?t=1494013595,612610
2,256684299,Bombinator - Game Play - Map 6x6 - Theme Greenlands,https://cdn.akamai.steamstatic.com/steam/apps/256684299/movie.293x165.jpg?t=1494013602,True,http://cdn.akamai.steamstatic.com/steam/apps/256684299/movie480.webm?t=1494013602,http://cdn.akamai.steamstatic.com/steam/apps/256684299/movie_max.webm?t=1494013602,http://cdn.akamai.steamstatic.com/steam/apps/256684299/movie480.mp4?t=1494013602,http://cdn.akamai.steamstatic.com/steam/apps/256684299/movie_max.mp4?t=1494013602,612610
3,256684301,Bombinator - Game Play - Map 6x6 - Theme City,https://cdn.akamai.steamstatic.com/steam/apps/256684301/movie.293x165.jpg?t=1494013610,True,http://cdn.akamai.steamstatic.com/steam/apps/256684301/movie480.webm?t=1494013610,http://cdn.akamai.steamstatic.com/steam/apps/256684301/movie_max.webm?t=1494013610,http://cdn.akamai.steamstatic.com/steam/apps/256684301/movie480.mp4?t=1494013610,http://cdn.akamai.steamstatic.com/steam/apps/256684301/movie_max.mp4?t=1494013610,612610
0,256681773,Detective Butler: Maiden Voyage Murder Trailer,https://cdn.akamai.steamstatic.com/steam/apps/256681773/movie.293x165.jpg?t=1494970050,True,http://cdn.akamai.steamstatic.com/steam/apps/256681773/movie480.webm?t=1494970050,http://cdn.akamai.steamstatic.com/steam/apps/256681773/movie_max.webm?t=1494970050,http://cdn.akamai.steamstatic.com/steam/apps/256681773/movie480.mp4?t=1494970050,http://cdn.akamai.steamstatic.com/steam/apps/256681773/movie_max.mp4?t=1494970050,612620
1,256681956,Detective Butler: Maiden Voyage Murder Opening Movie,https://cdn.akamai.steamstatic.com/steam/apps/256681956/movie.293x165.jpg?t=1494970061,True,http://cdn.akamai.steamstatic.com/steam/apps/256681956/movie480.webm?t=1494970061,http://cdn.akamai.steamstatic.com/steam/apps/256681956/movie_max.webm?t=1494970061,http://cdn.akamai.steamstatic.com/steam/apps/256681956/movie480.mp4?t=1494970061,http://cdn.akamai.steamstatic.com/steam/apps/256681956/movie_max.mp4?t=1494970061,612620
0,256789192,Dunk Lords Launch Trailer (v2),https://cdn.akamai.steamstatic.com/steam/apps/256789192/movie.293x165.jpg?t=1592152386,True,http://cdn.akamai.steamstatic.com/steam/apps/256789192/movie480_vp9.webm?t=1592152386,http://cdn.akamai.steamstatic.com/steam/apps/256789192/movie_max_vp9.webm?t=1592152386,http://cdn.akamai.steamstatic.com/steam/apps/256789192/movie480.mp4?t=1592152386,http://cdn.akamai.steamstatic.com/steam/apps/256789192/movie_max.mp4?t=1592152386,612640
0,256694030,Steam Store Trailer,https://cdn.akamai.steamstatic.com/steam/apps/256694030/movie.293x165.jpg?t=1504090694,True,http://cdn.akamai.steamstatic.com/steam/apps/256694030/movie480.webm?t=1504090694,http://cdn.akamai.steamstatic.com/steam/apps/256694030/movie_max.webm?t=1504090694,http://cdn.akamai.steamstatic.com/steam/apps/256694030/movie480.mp4?t=1504090694,http://cdn.akamai.steamstatic.com/steam/apps/256694030/movie_max.mp4?t=1504090694,612660
0,256682519,Beta Trailer,https://cdn.akamai.steamstatic.com/steam/apps/256682519/movie.293x165.jpg?t=1491985374,True,http://cdn.akamai.steamstatic.com/steam/apps/256682519/movie480.webm?t=1491985374,http://cdn.akamai.steamstatic.com/steam/apps/256682519/movie_max.webm?t=1491985374,http://cdn.akamai.steamstatic.com/steam/apps/256682519/movie480.mp4?t=1491985374,http://cdn.akamai.steamstatic.com/steam/apps/256682519/movie_max.mp4?t=1491985374,612670
0,256823313,Update 28,https://cdn.akamai.steamstatic.com/steam/apps/256823313/movie.293x165.jpg?t=1613982605,True,http://cdn.akamai.steamstatic.com/steam/apps/256823313/movie480_vp9.webm?t=1613982605,http://cdn.akamai.steamstatic.com/steam/apps/256823313/movie_max_vp9.webm?t=1613982605,http://cdn.akamai.steamstatic.com/steam/apps/256823313/movie480.mp4?t=1613982605,http://cdn.akamai.steamstatic.com/steam/apps/256823313/movie_max.mp4?t=1613982605,612720
0,256681657,Bill Hicks: Reflections - Trailer,https://cdn.akamai.steamstatic.com/steam/apps/256681657/movie.293x165.jpg?t=1490716379,True,http://cdn.akamai.steamstatic.com/steam/apps/256681657/movie480.webm?t=1490716379,http://cdn.akamai.steamstatic.com/steam/apps/256681657/movie_max.webm?t=1490716379,http://cdn.akamai.steamstatic.com/steam/apps/256681657/movie480.mp4?t=1490716379,http://cdn.akamai.steamstatic.com/steam/apps/256681657/movie_max.mp4?t=1490716379,612730
0,256683493,BOKIDA - Launch date announcement trailer,https://cdn.akamai.steamstatic.com/steam/apps/256683493/movie.293x165.jpg?t=1493175841,True,http://cdn.akamai.steamstatic.com/steam/apps/256683493/movie480.webm?t=1493175841,http://cdn.akamai.steamstatic.com/steam/apps/256683493/movie_max.webm?t=1493175841,http://cdn.akamai.steamstatic.com/steam/apps/256683493/movie480.mp4?t=1493175841,http://cdn.akamai.steamstatic.com/steam/apps/256683493/movie_max.mp4?t=1493175841,612740
0,256698798,Scorb Trailer,https://cdn.akamai.steamstatic.com/steam/apps/256698798/movie.293x165.jpg?t=1508795515,True,http://cdn.akamai.steamstatic.com/steam/apps/256698798/movie480.webm?t=1508795515,http://cdn.akamai.steamstatic.com/steam/apps/256698798/movie_max.webm?t=1508795515,http://cdn.akamai.steamstatic.com/steam/apps/256698798/movie480.mp4?t=1508795515,http://cdn.akamai.steamstatic.com/steam/apps/256698798/movie_max.mp4?t=1508795515,612750
0,256681857,Trailer,https://cdn.akamai.steamstatic.com/steam/apps/256681857/movie.293x165.jpg?t=1491282687,True,http://cdn.akamai.steamstatic.com/steam/apps/256681857/movie480.webm?t=1491282687,http://cdn.akamai.steamstatic.com/steam/apps/256681857/movie_max.webm?t=1491282687,http://cdn.akamai.steamstatic.com/steam/apps/256681857/movie480.mp4?t=1491282687,http://cdn.akamai.steamstatic.com/steam/apps/256681857/movie_max.mp4?t=1491282687,612790
0,256681734,VALIANT KNIGHTS Typing Battle_Trailer,https://cdn.akamai.steamstatic.com/steam/apps/256681734/movie.293x165.jpg?t=1490343341,True,http://cdn.akamai.steamstatic.com/steam/apps/256681734/movie480.webm?t=1490343341,http://cdn.akamai.steamstatic.com/steam/apps/256681734/movie_max.webm?t=1490343341,http://cdn.akamai.steamstatic.com/steam/apps/256681734/movie480.mp4?t=1490343341,http://cdn.akamai.steamstatic.com/steam/apps/256681734/movie_max.mp4?t=1490343341,612810
0,256696900,Fallen_Legion_Cecille,https://cdn.akamai.steamstatic.com/steam/apps/256696900/movie.293x165.jpg?t=1511163793,True,http://cdn.akamai.steamstatic.com/steam/apps/256696900/movie480.webm?t=1511163793,http://cdn.akamai.steamstatic.com/steam/apps/256696900/movie_max.webm?t=1511163793,http://cdn.akamai.steamstatic.com/steam/apps/256696900/movie480.mp4?t=1511163793,http://cdn.akamai.steamstatic.com/steam/apps/256696900/movie_max.mp4?t=1511163793,612820
1,256696901,Fallen_Legion_Legate,https://cdn.akamai.steamstatic.com/steam/apps/256696901/movie.293x165.jpg?t=1511163802,True,http://cdn.akamai.steamstatic.com/steam/apps/256696901/movie480.webm?t=1511163802,http://cdn.akamai.steamstatic.com/steam/apps/256696901/movie_max.webm?t=1511163802,http://cdn.akamai.steamstatic.com/steam/apps/256696901/movie480.mp4?t=1511163802,http://cdn.akamai.steamstatic.com/steam/apps/256696901/movie_max.mp4?t=1511163802,612820
0,256683498,Boxplosion Gameplay Trailer,https://cdn.akamai.steamstatic.com/steam/apps/256683498/movie.293x165.jpg?t=1492632980,True,http://cdn.akamai.steamstatic.com/steam/apps/256683498/movie480.webm?t=1492632980,http://cdn.akamai.steamstatic.com/steam/apps/256683498/movie_max.webm?t=1492632980,http://cdn.akamai.steamstatic.com/steam/apps/256683498/movie480.mp4?t=1492632980,http://cdn.akamai.steamstatic.com/steam/apps/256683498/movie_max.mp4?t=1492632980,612840
0,256700044,Accolade TV Spot,https://cdn.akamai.steamstatic.com/steam/apps/256700044/movie.293x165.jpg?t=1509661829,True,http://cdn.akamai.steamstatic.com/steam/apps/256700044/movie480.webm?t=1509661829,http://cdn.akamai.steamstatic.com/steam/apps/256700044/movie_max.webm?t=1509661829,http://cdn.akamai.steamstatic.com/steam/apps/256700044/movie480.mp4?t=1509661829,http://cdn.akamai.steamstatic.com/steam/apps/256700044/movie_max.mp4?t=1509661829,612880
1,256696071,Gameplay Trailer,https://cdn.akamai.steamstatic.com/steam/apps/256696071/movie.293x165.jpg?t=1506021045,True,http://cdn.akamai.steamstatic.com/steam/apps/256696071/movie480.webm?t=1506021045,http://cdn.akamai.steamstatic.com/steam/apps/256696071/movie_max.webm?t=1506021045,http://cdn.akamai.steamstatic.com/steam/apps/256696071/movie480.mp4?t=1506021045,http://cdn.akamai.steamstatic.com/steam/apps/256696071/movie_max.mp4?t=1506021045,612880
2,256698438,Launch Trailer,https://cdn.akamai.steamstatic.com/steam/apps/256698438/movie.293x165.jpg?t=1508353410,True,http://cdn.akamai.steamstatic.com/steam/apps/256698438/movie480.webm?t=1508353410,http://cdn.akamai.steamstatic.com/steam/apps/256698438/movie_max.webm?t=1508353410,http://cdn.akamai.steamstatic.com/steam/apps/256698438/movie480.mp4?t=1508353410,http://cdn.akamai.steamstatic.com/steam/apps/256698438/movie_max.mp4?t=1508353410,612880
3,256686936,E3 Trailer,https://cdn.akamai.steamstatic.com/steam/apps/256686936/movie.293x165.jpg?t=1505156926,False,http://cdn.akamai.steamstatic.com/steam/apps/256686936/movie480.webm?t=1505156926,http://cdn.akamai.steamstatic.com/steam/apps/256686936/movie_max.webm?t=1505156926,http://cdn.akamai.steamstatic.com/steam/apps/256686936/movie480.mp4?t=1505156926,http://cdn.akamai.steamstatic.com/steam/apps/256686936/movie_max.mp4?t=1505156926,612880
4,256694947,Strawberry Milkshake Trailer,https://cdn.akamai.steamstatic.com/steam/apps/256694947/movie.293x165.jpg?t=1506010624,False,http://cdn.akamai.steamstatic.com/steam/apps/256694947/movie480.webm?t=1506010624,http://cdn.akamai.steamstatic.com/steam/apps/256694947/movie_max.webm?t=1506010624,http://cdn.akamai.steamstatic.com/steam/apps/256694947/movie480.mp4?t=1506010624,http://cdn.akamai.steamstatic.com/steam/apps/256694947/movie_max.mp4?t=1506010624,612880
0,256682232,Link Twin Gameplay Trailer,https://cdn.akamai.steamstatic.com/steam/apps/256682232/movie.293x165.jpg?t=1492092473,True,http://cdn.akamai.steamstatic.com/steam/apps/256682232/movie480.webm?t=1492092473,http://cdn.akamai.steamstatic.com/steam/apps/256682232/movie_max.webm?t=1492092473,http://cdn.akamai.steamstatic.com/steam/apps/256682232/movie480.mp4?t=1492092473,http://cdn.akamai.steamstatic.com/steam/apps/256682232/movie_max.mp4?t=1492092473,612890
0,256709841,Pilam Sky Release Trailer,https://cdn.akamai.steamstatic.com/steam/apps/256709841/movie.293x165.jpg?t=1519494970,True,http://cdn.akamai.steamstatic.com/steam/apps/256709841/movie480.webm?t=1519494970,http://cdn.akamai.steamstatic.com/steam/apps/256709841/movie_max.webm?t=1519494970,http://cdn.akamai.steamstatic.com/steam/apps/256709841/movie480.mp4?t=1519494970,http://cdn.akamai.steamstatic.com/steam/apps/256709841/movie_max.mp4?t=1519494970,611960
0,256686727,TimeToDie Steam Trailer,https://cdn.akamai.steamstatic.com/steam/apps/256686727/movie.293x165.jpg?t=1502175882,True,http://cdn.akamai.steamstatic.com/steam/apps/256686727/movie480.webm?t=1502175882,http://cdn.akamai.steamstatic.com/steam/apps/256686727/movie_max.webm?t=1502175882,http://cdn.akamai.steamstatic.com/steam/apps/256686727/movie480.mp4?t=1502175882,http://cdn.akamai.steamstatic.com/steam/apps/256686727/movie_max.mp4?t=1502175882,611970
0,256681604,Oik 2,https://cdn.akamai.steamstatic.com/steam/apps/256681604/movie.293x165.jpg?t=1490394944,True,http://cdn.akamai.steamstatic.com/steam/apps/256681604/movie480.webm?t=1490394944,http://cdn.akamai.steamstatic.com/steam/apps/256681604/movie_max.webm?t=1490394944,http://cdn.akamai.steamstatic.com/steam/apps/256681604/movie480.mp4?t=1490394944,http://cdn.akamai.steamstatic.com/steam/apps/256681604/movie_max.mp4?t=1490394944,611980
0,256686857,Overdriven Reloaded: Special Edition,https://cdn.akamai.steamstatic.com/steam/apps/256686857/movie.293x165.jpg?t=1500072325,True,http://cdn.akamai.steamstatic.com/steam/apps/256686857/movie480.webm?t=1500072325,http://cdn.akamai.steamstatic.com/steam/apps/256686857/movie_max.webm?t=1500072325,http://cdn.akamai.steamstatic.com/steam/apps/256686857/movie480.mp4?t=1500072325,http://cdn.akamai.steamstatic.com/steam/apps/256686857/movie_max.mp4?t=1500072325,612000
0,256683709,Early Access Release Trailer,https://cdn.akamai.steamstatic.com/steam/apps/256683709/movie.293x165.jpg?t=1493391349,True,http://cdn.akamai.steamstatic.com/steam/apps/256683709/movie480.webm?t=1493391349,http://cdn.akamai.steamstatic.com/steam/apps/256683709/movie_max.webm?t=1493391349,http://cdn.akamai.steamstatic.com/steam/apps/256683709/movie480.mp4?t=1493391349,http://cdn.akamai.steamstatic.com/steam/apps/256683709/movie_max.mp4?t=1493391349,612010
0,256685739,Zombidle Trailer Steam,https://cdn.akamai.steamstatic.com/steam/apps/256685739/movie.293x165.jpg?t=1496149947,True,http://cdn.akamai.steamstatic.com/steam/apps/256685739/movie480.webm?t=1496149947,http://cdn.akamai.steamstatic.com/steam/apps/256685739/movie_max.webm?t=1496149947,http://cdn.akamai.steamstatic.com/steam/apps/256685739/movie480.mp4?t=1496149947,http://cdn.akamai.steamstatic.com/steam/apps/256685739/movie_max.mp4?t=1496149947,612020
0,256700029,Harvest Simulator VR Gameplay Trailer 1,https://cdn.akamai.steamstatic.com/steam/apps/256700029/movie.293x165.jpg?t=1510129265,True,http://cdn.akamai.steamstatic.com/steam/apps/256700029/movie480.webm?t=1510129265,http://cdn.akamai.steamstatic.com/steam/apps/256700029/movie_max.webm?t=1510129265,http://cdn.akamai.steamstatic.com/steam/apps/256700029/movie480.mp4?t=1510129265,http://cdn.akamai.steamstatic.com/steam/apps/256700029/movie_max.mp4?t=1510129265,612030
0,256823019,Final Trailer Steam DoB,https://cdn.akamai.steamstatic.com/steam/apps/256823019/movie.293x165.jpg?t=1613952814,True,http://cdn.akamai.steamstatic.com/steam/apps/256823019/movie480_vp9.webm?t=1613952814,http://cdn.akamai.steamstatic.com/steam/apps/256823019/movie_max_vp9.webm?t=1613952814,http://cdn.akamai.steamstatic.com/steam/apps/256823019/movie480.mp4?t=1613952814,http://cdn.akamai.steamstatic.com/steam/apps/256823019/movie_max.mp4?t=1613952814,612040
0,256683381,VRIQ Trailer,https://cdn.akamai.steamstatic.com/steam/apps/256683381/movie.293x165.jpg?t=1493801768,False,http://cdn.akamai.steamstatic.com/steam/apps/256683381/movie480.webm?t=1493801768,http://cdn.akamai.steamstatic.com/steam/apps/256683381/movie_max.webm?t=1493801768,http://cdn.akamai.steamstatic.com/steam/apps/256683381/movie480.mp4?t=1493801768,http://cdn.akamai.steamstatic.com/steam/apps/256683381/movie_max.mp4?t=1493801768,612050
0,256757405,English_New,https://cdn.akamai.steamstatic.com/steam/apps/256757405/movie.293x165.jpg?t=1564156772,True,http://cdn.akamai.steamstatic.com/steam/apps/256757405/movie480.webm?t=1564156772,http://cdn.akamai.steamstatic.com/steam/apps/256757405/movie_max.webm?t=1564156772,http://cdn.akamai.steamstatic.com/steam/apps/256757405/movie480.mp4?t=1564156772,http://cdn.akamai.steamstatic.com/steam/apps/256757405/movie_max.mp4?t=1564156772,612060
0,256682460,1,https://cdn.akamai.steamstatic.com/steam/apps/256682460/movie.293x165.jpg?t=1491447779,True,http://cdn.akamai.steamstatic.com/steam/apps/256682460/movie480.webm?t=1491447779,http://cdn.akamai.steamstatic.com/steam/apps/256682460/movie_max.webm?t=1491447779,http://cdn.akamai.steamstatic.com/steam/apps/256682460/movie480.mp4?t=1491447779,http://cdn.akamai.steamstatic.com/steam/apps/256682460/movie_max.mp4?t=1491447779,612070
0,256697600,These nights in Cairo,https://cdn.akamai.steamstatic.com/steam/apps/256697600/movie.293x165.jpg?t=1508194059,True,http://cdn.akamai.steamstatic.com/steam/apps/256697600/movie480.webm?t=1508194059,http://cdn.akamai.steamstatic.com/steam/apps/256697600/movie_max.webm?t=1508194059,http://cdn.akamai.steamstatic.com/steam/apps/256697600/movie480.mp4?t=1508194059,http://cdn.akamai.steamstatic.com/steam/apps/256697600/movie_max.mp4?t=1508194059,612100
0,256682083,Sweet fantasy,https://cdn.akamai.steamstatic.com/steam/apps/256682083/movie.293x165.jpg?t=1491139462,True,http://cdn.akamai.steamstatic.com/steam/apps/256682083/movie480.webm?t=1491139462,http://cdn.akamai.steamstatic.com/steam/apps/256682083/movie_max.webm?t=1491139462,http://cdn.akamai.steamstatic.com/steam/apps/256682083/movie480.mp4?t=1491139462,http://cdn.akamai.steamstatic.com/steam/apps/256682083/movie_max.mp4?t=1491139462,612110
0,256681603,Trailer Darwin's bots,https://cdn.akamai.steamstatic.com/steam/apps/256681603/movie.293x165.jpg?t=1490104951,True,http://cdn.akamai.steamstatic.com/steam/apps/256681603/movie480.webm?t=1490104951,http://cdn.akamai.steamstatic.com/steam/apps/256681603/movie_max.webm?t=1490104951,http://cdn.akamai.steamstatic.com/steam/apps/256681603/movie480.mp4?t=1490104951,http://cdn.akamai.steamstatic.com/steam/apps/256681603/movie_max.mp4?t=1490104951,612120
0,256681605,Greenlight trailer,https://cdn.akamai.steamstatic.com/steam/apps/256681605/movie.293x165.jpg?t=1534715602,True,http://cdn.akamai.steamstatic.com/steam/apps/256681605/movie480.webm?t=1534715602,http://cdn.akamai.steamstatic.com/steam/apps/256681605/movie_max.webm?t=1534715602,http://cdn.akamai.steamstatic.com/steam/apps/256681605/movie480.mp4?t=1534715602,http://cdn.akamai.steamstatic.com/steam/apps/256681605/movie_max.mp4?t=1534715602,612130
0,256681733,Weebish Mines 2017,https://cdn.akamai.steamstatic.com/steam/apps/256681733/movie.293x165.jpg?t=1491493455,True,http://cdn.akamai.steamstatic.com/steam/apps/256681733/movie480.webm?t=1491493455,http://cdn.akamai.steamstatic.com/steam/apps/256681733/movie_max.webm?t=1491493455,http://cdn.akamai.steamstatic.com/steam/apps/256681733/movie480.mp4?t=1491493455,http://cdn.akamai.steamstatic.com/steam/apps/256681733/movie_max.mp4?t=1491493455,612140
0,256681754,Conran - The dinky Raccoon,https://cdn.akamai.steamstatic.com/steam/apps/256681754/movie.293x165.jpg?t=1491824119,True,http://cdn.akamai.steamstatic.com/steam/apps/256681754/movie480.webm?t=1491824119,http://cdn.akamai.steamstatic.com/steam/apps/256681754/movie_max.webm?t=1491824119,http://cdn.akamai.steamstatic.com/steam/apps/256681754/movie480.mp4?t=1491824119,http://cdn.akamai.steamstatic.com/steam/apps/256681754/movie_max.mp4?t=1491824119,612150
0,256840060,New Trailer,https://cdn.akamai.steamstatic.com/steam/apps/256840060/movie.293x165.jpg?t=1624378665,True,http://cdn.akamai.steamstatic.com/steam/apps/256840060/movie480_vp9.webm?t=1624378665,http://cdn.akamai.steamstatic.com/steam/apps/256840060/movie_max_vp9.webm?t=1624378665,http://cdn.akamai.steamstatic.com/steam/apps/256840060/movie480.mp4?t=1624378665,http://cdn.akamai.steamstatic.com/steam/apps/256840060/movie_max.mp4?t=1624378665,612160
0,256681821,One Eyed Kutkh - Release Trailer,https://cdn.akamai.steamstatic.com/steam/apps/256681821/movie.293x165.jpg?t=1490610709,True,http://cdn.akamai.steamstatic.com/steam/apps/256681821/movie480.webm?t=1490610709,http://cdn.akamai.steamstatic.com/steam/apps/256681821/movie_max.webm?t=1490610709,http://cdn.akamai.steamstatic.com/steam/apps/256681821/movie480.mp4?t=1490610709,http://cdn.akamai.steamstatic.com/steam/apps/256681821/movie_max.mp4?t=1490610709,612170
0,256681647,See Light - Announcement Teaser,https://cdn.akamai.steamstatic.com/steam/apps/256681647/movie.293x165.jpg?t=1490102299,True,http://cdn.akamai.steamstatic.com/steam/apps/256681647/movie480.webm?t=1490102299,http://cdn.akamai.steamstatic.com/steam/apps/256681647/movie_max.webm?t=1490102299,http://cdn.akamai.steamstatic.com/steam/apps/256681647/movie480.mp4?t=1490102299,http://cdn.akamai.steamstatic.com/steam/apps/256681647/movie_max.mp4?t=1490102299,612180
0,256681620,dead end,https://cdn.akamai.steamstatic.com/steam/apps/256681620/movie.293x165.jpg?t=1491016537,True,http://cdn.akamai.steamstatic.com/steam/apps/256681620/movie480.webm?t=1491016537,http://cdn.akamai.steamstatic.com/steam/apps/256681620/movie_max.webm?t=1491016537,http://cdn.akamai.steamstatic.com/steam/apps/256681620/movie480.mp4?t=1491016537,http://cdn.akamai.steamstatic.com/steam/apps/256681620/movie_max.mp4?t=1491016537,612190
0,256681664,Hacknet Labyrinths,https://cdn.akamai.steamstatic.com/steam/apps/256681664/movie.293x165.jpg?t=1581548986,True,http://cdn.akamai.steamstatic.com/steam/apps/256681664/movie480.webm?t=1581548986,http://cdn.akamai.steamstatic.com/steam/apps/256681664/movie_max.webm?t=1581548986,http://cdn.akamai.steamstatic.com/steam/apps/256681664/movie480.mp4?t=1581548986,http://cdn.akamai.steamstatic.com/steam/apps/256681664/movie_max.mp4?t=1581548986,612210
0,256682304,Chaos Edge,https://cdn.akamai.steamstatic.com/steam/apps/256682304/movie.293x165.jpg?t=1491251923,True,http://cdn.akamai.steamstatic.com/steam/apps/256682304/movie480.webm?t=1491251923,http://cdn.akamai.steamstatic.com/steam/apps/256682304/movie_max.webm?t=1491251923,http://cdn.akamai.steamstatic.com/steam/apps/256682304/movie480.mp4?t=1491251923,http://cdn.akamai.steamstatic.com/steam/apps/256682304/movie_max.mp4?t=1491251923,612220
0,256841192,Modern Assault Tanks,https://cdn.akamai.steamstatic.com/steam/apps/256841192/movie.293x165.jpg?t=1626063593,True,http://cdn.akamai.steamstatic.com/steam/apps/256841192/movie480_vp9.webm?t=1626063593,http://cdn.akamai.steamstatic.com/steam/apps/256841192/movie_max_vp9.webm?t=1626063593,http://cdn.akamai.steamstatic.com/steam/apps/256841192/movie480.mp4?t=1626063593,http://cdn.akamai.steamstatic.com/steam/apps/256841192/movie_max.mp4?t=1626063593,612230
0,256793618,Zoo War - Gameplay Trailer,https://cdn.akamai.steamstatic.com/steam/apps/256793618/movie.293x165.jpg?t=1596114048,True,http://cdn.akamai.steamstatic.com/steam/apps/256793618/movie480_vp9.webm?t=1596114048,http://cdn.akamai.steamstatic.com/steam/apps/256793618/movie_max_vp9.webm?t=1596114048,http://cdn.akamai.steamstatic.com/steam/apps/256793618/movie480.mp4?t=1596114048,http://cdn.akamai.steamstatic.com/steam/apps/256793618/movie_max.mp4?t=1596114048,612240
0,256684550,Eastwood VR main,https://cdn.akamai.steamstatic.com/steam/apps/256684550/movie.293x165.jpg?t=1494871466,True,http://cdn.akamai.steamstatic.com/steam/apps/256684550/movie480.webm?t=1494871466,http://cdn.akamai.steamstatic.com/steam/apps/256684550/movie_max.webm?t=1494871466,http://cdn.akamai.steamstatic.com/steam/apps/256684550/movie480.mp4?t=1494871466,http://cdn.akamai.steamstatic.com/steam/apps/256684550/movie_max.mp4?t=1494871466,612250
0,256713333,Trailer,https://cdn.akamai.steamstatic.com/steam/apps/256713333/movie.293x165.jpg?t=1522831159,True,http://cdn.akamai.steamstatic.com/steam/apps/256713333/movie480.webm?t=1522831159,http://cdn.akamai.steamstatic.com/steam/apps/256713333/movie_max.webm?t=1522831159,http://cdn.akamai.steamstatic.com/steam/apps/256713333/movie480.mp4?t=1522831159,http://cdn.akamai.steamstatic.com/steam/apps/256713333/movie_max.mp4?t=1522831159,612261
0,256685308,GORB Trailer by OwlTowel,https://cdn.akamai.steamstatic.com/steam/apps/256685308/movie.293x165.jpg?t=1495185788,True,http://cdn.akamai.steamstatic.com/steam/apps/256685308/movie480.webm?t=1495185788,http://cdn.akamai.steamstatic.com/steam/apps/256685308/movie_max.webm?t=1495185788,http://cdn.akamai.steamstatic.com/steam/apps/256685308/movie480.mp4?t=1495185788,http://cdn.akamai.steamstatic.com/steam/apps/256685308/movie_max.mp4?t=1495185788,612310
1,256682561,Basic Rules,https://cdn.akamai.steamstatic.com/steam/apps/256682561/movie.293x165.jpg?t=1491575345,False,http://cdn.akamai.steamstatic.com/steam/apps/256682561/movie480.webm?t=1491575345,http://cdn.akamai.steamstatic.com/steam/apps/256682561/movie_max.webm?t=1491575345,http://cdn.akamai.steamstatic.com/steam/apps/256682561/movie480.mp4?t=1491575345,http://cdn.akamai.steamstatic.com/steam/apps/256682561/movie_max.mp4?t=1491575345,612310
0,256701170,PAKO2 Launch Trailer,https://cdn.akamai.steamstatic.com/steam/apps/256701170/movie.293x165.jpg?t=1510842811,True,http://cdn.akamai.steamstatic.com/steam/apps/256701170/movie480.webm?t=1510842811,http://cdn.akamai.steamstatic.com/steam/apps/256701170/movie_max.webm?t=1510842811,http://cdn.akamai.steamstatic.com/steam/apps/256701170/movie480.mp4?t=1510842811,http://cdn.akamai.steamstatic.com/steam/apps/256701170/movie_max.mp4?t=1510842811,612370
0,256681832,Cryprocracy_trailer,https://cdn.akamai.steamstatic.com/steam/apps/256681832/movie.293x165.jpg?t=1490686165,True,http://cdn.akamai.steamstatic.com/steam/apps/256681832/movie480.webm?t=1490686165,http://cdn.akamai.steamstatic.com/steam/apps/256681832/movie_max.webm?t=1490686165,http://cdn.akamai.steamstatic.com/steam/apps/256681832/movie480.mp4?t=1490686165,http://cdn.akamai.steamstatic.com/steam/apps/256681832/movie_max.mp4?t=1490686165,612380
0,256776894,Dandara: Trials of Fear Launch Trailer [EN],https://cdn.akamai.steamstatic.com/steam/apps/256776894/movie.293x165.jpg?t=1583419045,True,http://cdn.akamai.steamstatic.com/steam/apps/256776894/movie480.webm?t=1583419045,http://cdn.akamai.steamstatic.com/steam/apps/256776894/movie_max.webm?t=1583419045,http://cdn.akamai.steamstatic.com/steam/apps/256776894/movie480.mp4?t=1583419045,http://cdn.akamai.steamstatic.com/steam/apps/256776894/movie_max.mp4?t=1583419045,612390
1,256786321,Dandara: Launch Trailer [EN],https://cdn.akamai.steamstatic.com/steam/apps/256786321/movie.293x165.jpg?t=1590123673,True,http://cdn.akamai.steamstatic.com/steam/apps/256786321/movie480_vp9.webm?t=1590123673,http://cdn.akamai.steamstatic.com/steam/apps/256786321/movie_max_vp9.webm?t=1590123673,http://cdn.akamai.steamstatic.com/steam/apps/256786321/movie480.mp4?t=1590123673,http://cdn.akamai.steamstatic.com/steam/apps/256786321/movie_max.mp4?t=1590123673,612390
0,256686738,Reveal Trailer,https://cdn.akamai.steamstatic.com/steam/apps/256686738/movie.293x165.jpg?t=1497218080,True,http://cdn.akamai.steamstatic.com/steam/apps/256686738/movie480.webm?t=1497218080,http://cdn.akamai.steamstatic.com/steam/apps/256686738/movie_max.webm?t=1497218080,http://cdn.akamai.steamstatic.com/steam/apps/256686738/movie480.mp4?t=1497218080,http://cdn.akamai.steamstatic.com/steam/apps/256686738/movie_max.mp4?t=1497218080,612400
0,256704836,Release Trailer,https://cdn.akamai.steamstatic.com/steam/apps/256704836/movie.293x165.jpg?t=1514665251,True,http://cdn.akamai.steamstatic.com/steam/apps/256704836/movie480.webm?t=1514665251,http://cdn.akamai.steamstatic.com/steam/apps/256704836/movie_max.webm?t=1514665251,http://cdn.akamai.steamstatic.com/steam/apps/256704836/movie480.mp4?t=1514665251,http://cdn.akamai.steamstatic.com/steam/apps/256704836/movie_max.mp4?t=1514665251,611620
1,256703243,Coming Soon,https://cdn.akamai.steamstatic.com/steam/apps/256703243/movie.293x165.jpg?t=1513439075,False,http://cdn.akamai.steamstatic.com/steam/apps/256703243/movie480.webm?t=1513439075,http://cdn.akamai.steamstatic.com/steam/apps/256703243/movie_max.webm?t=1513439075,http://cdn.akamai.steamstatic.com/steam/apps/256703243/movie480.mp4?t=1513439075,http://cdn.akamai.steamstatic.com/steam/apps/256703243/movie_max.mp4?t=1513439075,611620
0,256682984,Grave Chase - Official Release Trailer,https://cdn.akamai.steamstatic.com/steam/apps/256682984/movie.293x165.jpg?t=1497983988,True,http://cdn.akamai.steamstatic.com/steam/apps/256682984/movie480.webm?t=1497983988,http://cdn.akamai.steamstatic.com/steam/apps/256682984/movie_max.webm?t=1497983988,http://cdn.akamai.steamstatic.com/steam/apps/256682984/movie480.mp4?t=1497983988,http://cdn.akamai.steamstatic.com/steam/apps/256682984/movie_max.mp4?t=1497983988,611630
0,256681714,Release trailer,https://cdn.akamai.steamstatic.com/steam/apps/256681714/movie.293x165.jpg?t=1490134297,True,http://cdn.akamai.steamstatic.com/steam/apps/256681714/movie480.webm?t=1490134297,http://cdn.akamai.steamstatic.com/steam/apps/256681714/movie_max.webm?t=1490134297,http://cdn.akamai.steamstatic.com/steam/apps/256681714/movie480.mp4?t=1490134297,http://cdn.akamai.steamstatic.com/steam/apps/256681714/movie_max.mp4?t=1490134297,611640
1,256683693,Story 2 - Teaser Trailer,https://cdn.akamai.steamstatic.com/steam/apps/256683693/movie.293x165.jpg?t=1492880121,True,http://cdn.akamai.steamstatic.com/steam/apps/256683693/movie480.webm?t=1492880121,http://cdn.akamai.steamstatic.com/steam/apps/256683693/movie_max.webm?t=1492880121,http://cdn.akamai.steamstatic.com/steam/apps/256683693/movie480.mp4?t=1492880121,http://cdn.akamai.steamstatic.com/steam/apps/256683693/movie_max.mp4?t=1492880121,611640
0,256686931,E3 Trailer,https://cdn.akamai.steamstatic.com/steam/apps/256686931/movie.293x165.jpg?t=1497245315,True,http://cdn.akamai.steamstatic.com/steam/apps/256686931/movie480.webm?t=1497245315,http://cdn.akamai.steamstatic.com/steam/apps/256686931/movie_max.webm?t=1497245315,http://cdn.akamai.steamstatic.com/steam/apps/256686931/movie480.mp4?t=1497245315,http://cdn.akamai.steamstatic.com/steam/apps/256686931/movie_max.mp4?t=1497245315,611660
0,256711431,Skyrim VR Trailer,https://cdn.akamai.steamstatic.com/steam/apps/256711431/movie.293x165.jpg?t=1521039659,True,http://cdn.akamai.steamstatic.com/steam/apps/256711431/movie480.webm?t=1521039659,http://cdn.akamai.steamstatic.com/steam/apps/256711431/movie_max.webm?t=1521039659,http://cdn.akamai.steamstatic.com/steam/apps/256711431/movie480.mp4?t=1521039659,http://cdn.akamai.steamstatic.com/steam/apps/256711431/movie_max.mp4?t=1521039659,611670
0,256681577,Gameplay Trailer,https://cdn.akamai.steamstatic.com/steam/apps/256681577/movie.293x165.jpg?t=1490048672,True,http://cdn.akamai.steamstatic.com/steam/apps/256681577/movie480.webm?t=1490048672,http://cdn.akamai.steamstatic.com/steam/apps/256681577/movie_max.webm?t=1490048672,http://cdn.akamai.steamstatic.com/steam/apps/256681577/movie480.mp4?t=1490048672,http://cdn.akamai.steamstatic.com/steam/apps/256681577/movie_max.mp4?t=1490048672,611690
1,256681582,Threehorn-tut,https://cdn.akamai.steamstatic.com/steam/apps/256681582/movie.293x165.jpg?t=1494943680,True,http://cdn.akamai.steamstatic.com/steam/apps/256681582/movie480.webm?t=1494943680,http://cdn.akamai.steamstatic.com/steam/apps/256681582/movie_max.webm?t=1494943680,http://cdn.akamai.steamstatic.com/steam/apps/256681582/movie480.mp4?t=1494943680,http://cdn.akamai.steamstatic.com/steam/apps/256681582/movie_max.mp4?t=1494943680,611690
2,256681578,core-intro1,https://cdn.akamai.steamstatic.com/steam/apps/256681578/movie.293x165.jpg?t=1490048679,False,http://cdn.akamai.steamstatic.com/steam/apps/256681578/movie480.webm?t=1490048679,http://cdn.akamai.steamstatic.com/steam/apps/256681578/movie_max.webm?t=1490048679,http://cdn.akamai.steamstatic.com/steam/apps/256681578/movie480.mp4?t=1490048679,http://cdn.akamai.steamstatic.com/steam/apps/256681578/movie_max.mp4?t=1490048679,611690
3,256681579,deacon-neon1,https://cdn.akamai.steamstatic.com/steam/apps/256681579/movie.293x165.jpg?t=1490048686,False,http://cdn.akamai.steamstatic.com/steam/apps/256681579/movie480.webm?t=1490048686,http://cdn.akamai.steamstatic.com/steam/apps/256681579/movie_max.webm?t=1490048686,http://cdn.akamai.steamstatic.com/steam/apps/256681579/movie480.mp4?t=1490048686,http://cdn.akamai.steamstatic.com/steam/apps/256681579/movie_max.mp4?t=1490048686,611690
4,256681581,ssx14-dlg,https://cdn.akamai.steamstatic.com/steam/apps/256681581/movie.293x165.jpg?t=1494943673,False,http://cdn.akamai.steamstatic.com/steam/apps/256681581/movie480.webm?t=1494943673,http://cdn.akamai.steamstatic.com/steam/apps/256681581/movie_max.webm?t=1494943673,http://cdn.akamai.steamstatic.com/steam/apps/256681581/movie480.mp4?t=1494943673,http://cdn.akamai.steamstatic.com/steam/apps/256681581/movie_max.mp4?t=1494943673,611690
5,256681583,tunnel-neon1,https://cdn.akamai.steamstatic.com/steam/apps/256681583/movie.293x165.jpg?t=1494943687,False,http://cdn.akamai.steamstatic.com/steam/apps/256681583/movie480.webm?t=1494943687,http://cdn.akamai.steamstatic.com/steam/apps/256681583/movie_max.webm?t=1494943687,http://cdn.akamai.steamstatic.com/steam/apps/256681583/movie480.mp4?t=1494943687,http://cdn.akamai.steamstatic.com/steam/apps/256681583/movie_max.mp4?t=1494943687,611690
0,256681568,Introductory Trailer,https://cdn.akamai.steamstatic.com/steam/apps/256681568/movie.293x165.jpg?t=1490997311,True,http://cdn.akamai.steamstatic.com/steam/apps/256681568/movie480.webm?t=1490997311,http://cdn.akamai.steamstatic.com/steam/apps/256681568/movie_max.webm?t=1490997311,http://cdn.akamai.steamstatic.com/steam/apps/256681568/movie480.mp4?t=1490997311,http://cdn.akamai.steamstatic.com/steam/apps/256681568/movie_max.mp4?t=1490997311,611710
1,256719156,TwitchCon 2017 Trailer,https://cdn.akamai.steamstatic.com/steam/apps/256719156/movie.293x165.jpg?t=1528340989,True,http://cdn.akamai.steamstatic.com/steam/apps/256719156/movie480.webm?t=1528340989,http://cdn.akamai.steamstatic.com/steam/apps/256719156/movie_max.webm?t=1528340989,http://cdn.akamai.steamstatic.com/steam/apps/256719156/movie480.mp4?t=1528340989,http://cdn.akamai.steamstatic.com/steam/apps/256719156/movie_max.mp4?t=1528340989,611710
0,256685375,PractisimVR EA Release Trailer,https://cdn.akamai.steamstatic.com/steam/apps/256685375/movie.293x165.jpg?t=1495211496,True,http://cdn.akamai.steamstatic.com/steam/apps/256685375/movie480.webm?t=1495211496,http://cdn.akamai.steamstatic.com/steam/apps/256685375/movie_max.webm?t=1495211496,http://cdn.akamai.steamstatic.com/steam/apps/256685375/movie480.mp4?t=1495211496,http://cdn.akamai.steamstatic.com/steam/apps/256685375/movie_max.mp4?t=1495211496,611720
0,256722798,Galactic Feud Trailer,https://cdn.akamai.steamstatic.com/steam/apps/256722798/movie.293x165.jpg?t=1531811398,True,http://cdn.akamai.steamstatic.com/steam/apps/256722798/movie480.webm?t=1531811398,http://cdn.akamai.steamstatic.com/steam/apps/256722798/movie_max.webm?t=1531811398,http://cdn.akamai.steamstatic.com/steam/apps/256722798/movie480.mp4?t=1531811398,http://cdn.akamai.steamstatic.com/steam/apps/256722798/movie_max.mp4?t=1531811398,611730
0,256698676,Welcome to Hanwell: Launch Trailer,https://cdn.akamai.steamstatic.com/steam/apps/256698676/movie.293x165.jpg?t=1508469597,True,http://cdn.akamai.steamstatic.com/steam/apps/256698676/movie480.webm?t=1508469597,http://cdn.akamai.steamstatic.com/steam/apps/256698676/movie_max.webm?t=1508469597,http://cdn.akamai.steamstatic.com/steam/apps/256698676/movie480.mp4?t=1508469597,http://cdn.akamai.steamstatic.com/steam/apps/256698676/movie_max.mp4?t=1508469597,611750
1,256691807,Welcome to Hanwell: Final Pre-Release Trailer,https://cdn.akamai.steamstatic.com/steam/apps/256691807/movie.293x165.jpg?t=1501608945,True,http://cdn.akamai.steamstatic.com/steam/apps/256691807/movie480.webm?t=1501608945,http://cdn.akamai.steamstatic.com/steam/apps/256691807/movie_max.webm?t=1501608945,http://cdn.akamai.steamstatic.com/steam/apps/256691807/movie480.mp4?t=1501608945,http://cdn.akamai.steamstatic.com/steam/apps/256691807/movie_max.mp4?t=1501608945,611750
2,256696087,Welcome to Hanwell: Web Spot 1,https://cdn.akamai.steamstatic.com/steam/apps/256696087/movie.293x165.jpg?t=1505950709,True,http://cdn.akamai.steamstatic.com/steam/apps/256696087/movie480.webm?t=1505950709,http://cdn.akamai.steamstatic.com/steam/apps/256696087/movie_max.webm?t=1505950709,http://cdn.akamai.steamstatic.com/steam/apps/256696087/movie480.mp4?t=1505950709,http://cdn.akamai.steamstatic.com/steam/apps/256696087/movie_max.mp4?t=1505950709,611750
3,256696703,Welcome to Hanwell: Web Spot 2,https://cdn.akamai.steamstatic.com/steam/apps/256696703/movie.293x165.jpg?t=1506539827,True,http://cdn.akamai.steamstatic.com/steam/apps/256696703/movie480.webm?t=1506539827,http://cdn.akamai.steamstatic.com/steam/apps/256696703/movie_max.webm?t=1506539827,http://cdn.akamai.steamstatic.com/steam/apps/256696703/movie480.mp4?t=1506539827,http://cdn.akamai.steamstatic.com/steam/apps/256696703/movie_max.mp4?t=1506539827,611750
0,256749317,Don't Escape: 4 Days to Survive Trailer,https://cdn.akamai.steamstatic.com/steam/apps/256749317/movie.293x165.jpg?t=1556559749,True,http://cdn.akamai.steamstatic.com/steam/apps/256749317/movie480.webm?t=1556559749,http://cdn.akamai.steamstatic.com/steam/apps/256749317/movie_max.webm?t=1556559749,http://cdn.akamai.steamstatic.com/steam/apps/256749317/movie480.mp4?t=1556559749,http://cdn.akamai.steamstatic.com/steam/apps/256749317/movie_max.mp4?t=1556559749,611760
0,256799400,Full Release Trailer,https://cdn.akamai.steamstatic.com/steam/apps/256799400/movie.293x165.jpg?t=1598967887,True,http://cdn.akamai.steamstatic.com/steam/apps/256799400/movie480_vp9.webm?t=1598967887,http://cdn.akamai.steamstatic.com/steam/apps/256799400/movie_max_vp9.webm?t=1598967887,http://cdn.akamai.steamstatic.com/steam/apps/256799400/movie480.mp4?t=1598967887,http://cdn.akamai.steamstatic.com/steam/apps/256799400/movie_max.mp4?t=1598967887,611770
0,256878506,Hype Trailer,https://cdn.akamai.steamstatic.com/steam/apps/256878506/movie.293x165.jpg?t=1647619840,True,http://cdn.akamai.steamstatic.com/steam/apps/256878506/movie480_vp9.webm?t=1647619840,http://cdn.akamai.steamstatic.com/steam/apps/256878506/movie_max_vp9.webm?t=1647619840,http://cdn.akamai.steamstatic.com/steam/apps/256878506/movie480.mp4?t=1647619840,http://cdn.akamai.steamstatic.com/steam/apps/256878506/movie_max.mp4?t=1647619840,611790
1,256757880,House Party 2019 Trailer,https://cdn.akamai.steamstatic.com/steam/apps/256757880/movie.293x165.jpg?t=1564619934,True,http://cdn.akamai.steamstatic.com/steam/apps/256757880/movie480.webm?t=1564619934,http://cdn.akamai.steamstatic.com/steam/apps/256757880/movie_max.webm?t=1564619934,http://cdn.akamai.steamstatic.com/steam/apps/256757880/movie480.mp4?t=1564619934,http://cdn.akamai.steamstatic.com/steam/apps/256757880/movie_max.mp4?t=1564619934,611790
0,256741097,Jidousha Shakai: ZN6 and Chill,https://cdn.akamai.steamstatic.com/steam/apps/256741097/movie.293x165.jpg?t=1548197575,True,http://cdn.akamai.steamstatic.com/steam/apps/256741097/movie480.webm?t=1548197575,http://cdn.akamai.steamstatic.com/steam/apps/256741097/movie_max.webm?t=1548197575,http://cdn.akamai.steamstatic.com/steam/apps/256741097/movie480.mp4?t=1548197575,http://cdn.akamai.steamstatic.com/steam/apps/256741097/movie_max.mp4?t=1548197575,611800
0,256707898,THE LAST HUNT,https://cdn.akamai.steamstatic.com/steam/apps/256707898/movie.293x165.jpg?t=1517956850,True,http://cdn.akamai.steamstatic.com/steam/apps/256707898/movie480.webm?t=1517956850,http://cdn.akamai.steamstatic.com/steam/apps/256707898/movie_max.webm?t=1517956850,http://cdn.akamai.steamstatic.com/steam/apps/256707898/movie480.mp4?t=1517956850,http://cdn.akamai.steamstatic.com/steam/apps/256707898/movie_max.mp4?t=1517956850,611810
1,256707899,THE LAST HUNT Title Song,https://cdn.akamai.steamstatic.com/steam/apps/256707899/movie.293x165.jpg?t=1517956860,True,http://cdn.akamai.steamstatic.com/steam/apps/256707899/movie480.webm?t=1517956860,http://cdn.akamai.steamstatic.com/steam/apps/256707899/movie_max.webm?t=1517956860,http://cdn.akamai.steamstatic.com/steam/apps/256707899/movie480.mp4?t=1517956860,http://cdn.akamai.steamstatic.com/steam/apps/256707899/movie_max.mp4?t=1517956860,611810
0,256747766,Xenosis: Alien Infection Teaser,https://cdn.akamai.steamstatic.com/steam/apps/256747766/movie.293x165.jpg?t=1556705525,True,http://cdn.akamai.steamstatic.com/steam/apps/256747766/movie480.webm?t=1556705525,http://cdn.akamai.steamstatic.com/steam/apps/256747766/movie_max.webm?t=1556705525,http://cdn.akamai.steamstatic.com/steam/apps/256747766/movie480.mp4?t=1556705525,http://cdn.akamai.steamstatic.com/steam/apps/256747766/movie_max.mp4?t=1556705525,611820
0,256700993,Trailer,https://cdn.akamai.steamstatic.com/steam/apps/256700993/movie.293x165.jpg?t=1510627092,True,http://cdn.akamai.steamstatic.com/steam/apps/256700993/movie480.webm?t=1510627092,http://cdn.akamai.steamstatic.com/steam/apps/256700993/movie_max.webm?t=1510627092,http://cdn.akamai.steamstatic.com/steam/apps/256700993/movie480.mp4?t=1510627092,http://cdn.akamai.steamstatic.com/steam/apps/256700993/movie_max.mp4?t=1510627092,611830
0,256689398,Tragedy of Prince Rupert - Trailer,https://cdn.akamai.steamstatic.com/steam/apps/256689398/movie.293x165.jpg?t=1499979582,True,http://cdn.akamai.steamstatic.com/steam/apps/256689398/movie480.webm?t=1499979582,http://cdn.akamai.steamstatic.com/steam/apps/256689398/movie_max.webm?t=1499979582,http://cdn.akamai.steamstatic.com/steam/apps/256689398/movie480.mp4?t=1499979582,http://cdn.akamai.steamstatic.com/steam/apps/256689398/movie_max.mp4?t=1499979582,611850
0,256729364,Trailer,https://cdn.akamai.steamstatic.com/steam/apps/256729364/movie.293x165.jpg?t=1537562548,True,http://cdn.akamai.steamstatic.com/steam/apps/256729364/movie480.webm?t=1537562548,http://cdn.akamai.steamstatic.com/steam/apps/256729364/movie_max.webm?t=1537562548,http://cdn.akamai.steamstatic.com/steam/apps/256729364/movie480.mp4?t=1537562548,http://cdn.akamai.steamstatic.com/steam/apps/256729364/movie_max.mp4?t=1537562548,611860
0,256719933,E3 2018 Trailer,https://cdn.akamai.steamstatic.com/steam/apps/256719933/movie.293x165.jpg?t=1529012386,True,http://cdn.akamai.steamstatic.com/steam/apps/256719933/movie480.webm?t=1529012386,http://cdn.akamai.steamstatic.com/steam/apps/256719933/movie_max.webm?t=1529012386,http://cdn.akamai.steamstatic.com/steam/apps/256719933/movie480.mp4?t=1529012386,http://cdn.akamai.steamstatic.com/steam/apps/256719933/movie_max.mp4?t=1529012386,611500
1,256719935,Champions Pack Trailer,https://cdn.akamai.steamstatic.com/steam/apps/256719935/movie.293x165.jpg?t=1529958212,True,http://cdn.akamai.steamstatic.com/steam/apps/256719935/movie480.webm?t=1529958212,http://cdn.akamai.steamstatic.com/steam/apps/256719935/movie_max.webm?t=1529958212,http://cdn.akamai.steamstatic.com/steam/apps/256719935/movie480.mp4?t=1529958212,http://cdn.akamai.steamstatic.com/steam/apps/256719935/movie_max.mp4?t=1529958212,611500
2,256692888,Reveal Trailer,https://cdn.akamai.steamstatic.com/steam/apps/256692888/movie.293x165.jpg?t=1503428201,True,http://cdn.akamai.steamstatic.com/steam/apps/256692888/movie480.webm?t=1503428201,http://cdn.akamai.steamstatic.com/steam/apps/256692888/movie_max.webm?t=1503428201,http://cdn.akamai.steamstatic.com/steam/apps/256692888/movie480.mp4?t=1503428201,http://cdn.akamai.steamstatic.com/steam/apps/256692888/movie_max.mp4?t=1503428201,611500
0,256787907,Trailer 1,https://cdn.akamai.steamstatic.com/steam/apps/256787907/movie.293x165.jpg?t=1591687502,True,http://cdn.akamai.steamstatic.com/steam/apps/256787907/movie480_vp9.webm?t=1591687502,http://cdn.akamai.steamstatic.com/steam/apps/256787907/movie_max_vp9.webm?t=1591687502,http://cdn.akamai.steamstatic.com/steam/apps/256787907/movie480.mp4?t=1591687502,http://cdn.akamai.steamstatic.com/steam/apps/256787907/movie_max.mp4?t=1591687502,611550
0,256683830,Crimson Hills,https://cdn.akamai.steamstatic.com/steam/apps/256683830/movie.293x165.jpg?t=1493488812,True,http://cdn.akamai.steamstatic.com/steam/apps/256683830/movie480.webm?t=1493488812,http://cdn.akamai.steamstatic.com/steam/apps/256683830/movie_max.webm?t=1493488812,http://cdn.akamai.steamstatic.com/steam/apps/256683830/movie480.mp4?t=1493488812,http://cdn.akamai.steamstatic.com/steam/apps/256683830/movie_max.mp4?t=1493488812,611220
0,256681544,Heathen -The Sons of the Law-,https://cdn.akamai.steamstatic.com/steam/apps/256681544/movie.293x165.jpg?t=1531686608,True,http://cdn.akamai.steamstatic.com/steam/apps/256681544/movie480.webm?t=1531686608,http://cdn.akamai.steamstatic.com/steam/apps/256681544/movie_max.webm?t=1531686608,http://cdn.akamai.steamstatic.com/steam/apps/256681544/movie480.mp4?t=1531686608,http://cdn.akamai.steamstatic.com/steam/apps/256681544/movie_max.mp4?t=1531686608,611230
0,256770604,MM Trailer,https://cdn.akamai.steamstatic.com/steam/apps/256770604/movie.293x165.jpg?t=1578086487,True,http://cdn.akamai.steamstatic.com/steam/apps/256770604/movie480.webm?t=1578086487,http://cdn.akamai.steamstatic.com/steam/apps/256770604/movie_max.webm?t=1578086487,http://cdn.akamai.steamstatic.com/steam/apps/256770604/movie480.mp4?t=1578086487,http://cdn.akamai.steamstatic.com/steam/apps/256770604/movie_max.mp4?t=1578086487,611260
1,256767282,Mad Machines Release Trailer,https://cdn.akamai.steamstatic.com/steam/apps/256767282/movie.293x165.jpg?t=1573764040,True,http://cdn.akamai.steamstatic.com/steam/apps/256767282/movie480.webm?t=1573764040,http://cdn.akamai.steamstatic.com/steam/apps/256767282/movie_max.webm?t=1573764040,http://cdn.akamai.steamstatic.com/steam/apps/256767282/movie480.mp4?t=1573764040,http://cdn.akamai.steamstatic.com/steam/apps/256767282/movie_max.mp4?t=1573764040,611260
0,256739661,Testimonials,https://cdn.akamai.steamstatic.com/steam/apps/256739661/movie.293x165.jpg?t=1546495662,True,http://cdn.akamai.steamstatic.com/steam/apps/256739661/movie480.webm?t=1546495662,http://cdn.akamai.steamstatic.com/steam/apps/256739661/movie_max.webm?t=1546495662,http://cdn.akamai.steamstatic.com/steam/apps/256739661/movie480.mp4?t=1546495662,http://cdn.akamai.steamstatic.com/steam/apps/256739661/movie_max.mp4?t=1546495662,611300
1,256695830,Task Force,https://cdn.akamai.steamstatic.com/steam/apps/256695830/movie.293x165.jpg?t=1542671171,False,http://cdn.akamai.steamstatic.com/steam/apps/256695830/movie480.webm?t=1542671171,http://cdn.akamai.steamstatic.com/steam/apps/256695830/movie_max.webm?t=1542671171,http://cdn.akamai.steamstatic.com/steam/apps/256695830/movie480.mp4?t=1542671171,http://cdn.akamai.steamstatic.com/steam/apps/256695830/movie_max.mp4?t=1542671171,611300
0,256681563,Trailer A,https://cdn.akamai.steamstatic.com/steam/apps/256681563/movie.293x165.jpg?t=1490040926,True,http://cdn.akamai.steamstatic.com/steam/apps/256681563/movie480.webm?t=1490040926,http://cdn.akamai.steamstatic.com/steam/apps/256681563/movie_max.webm?t=1490040926,http://cdn.akamai.steamstatic.com/steam/apps/256681563/movie480.mp4?t=1490040926,http://cdn.akamai.steamstatic.com/steam/apps/256681563/movie_max.mp4?t=1490040926,611320
1,256681564,Trailer B,https://cdn.akamai.steamstatic.com/steam/apps/256681564/movie.293x165.jpg?t=1490040937,True,http://cdn.akamai.steamstatic.com/steam/apps/256681564/movie480.webm?t=1490040937,http://cdn.akamai.steamstatic.com/steam/apps/256681564/movie_max.webm?t=1490040937,http://cdn.akamai.steamstatic.com/steam/apps/256681564/movie480.mp4?t=1490040937,http://cdn.akamai.steamstatic.com/steam/apps/256681564/movie_max.mp4?t=1490040937,611320
2,256681634,Level Editor Preview,https://cdn.akamai.steamstatic.com/steam/apps/256681634/movie.293x165.jpg?t=1490040947,True,http://cdn.akamai.steamstatic.com/steam/apps/256681634/movie480.webm?t=1490040947,http://cdn.akamai.steamstatic.com/steam/apps/256681634/movie_max.webm?t=1490040947,http://cdn.akamai.steamstatic.com/steam/apps/256681634/movie480.mp4?t=1490040947,http://cdn.akamai.steamstatic.com/steam/apps/256681634/movie_max.mp4?t=1490040947,611320
0,256682787,Trailer,https://cdn.akamai.steamstatic.com/steam/apps/256682787/movie.293x165.jpg?t=1491595338,True,http://cdn.akamai.steamstatic.com/steam/apps/256682787/movie480.webm?t=1491595338,http://cdn.akamai.steamstatic.com/steam/apps/256682787/movie_max.webm?t=1491595338,http://cdn.akamai.steamstatic.com/steam/apps/256682787/movie480.mp4?t=1491595338,http://cdn.akamai.steamstatic.com/steam/apps/256682787/movie_max.mp4?t=1491595338,611350
0,256850599,VHS Teaser,https://cdn.akamai.steamstatic.com/steam/apps/256850599/movie.293x165.jpg?t=1632259913,True,http://cdn.akamai.steamstatic.com/steam/apps/256850599/movie480_vp9.webm?t=1632259913,http://cdn.akamai.steamstatic.com/steam/apps/256850599/movie_max_vp9.webm?t=1632259913,http://cdn.akamai.steamstatic.com/steam/apps/256850599/movie480.mp4?t=1632259913,http://cdn.akamai.steamstatic.com/steam/apps/256850599/movie_max.mp4?t=1632259913,611360
0,256857934,Game Trailer,https://cdn.akamai.steamstatic.com/steam/apps/256857934/movie.293x165.jpg?t=1635435741,True,http://cdn.akamai.steamstatic.com/steam/apps/256857934/movie480_vp9.webm?t=1635435741,http://cdn.akamai.steamstatic.com/steam/apps/256857934/movie_max_vp9.webm?t=1635435741,http://cdn.akamai.steamstatic.com/steam/apps/256857934/movie480.mp4?t=1635435741,http://cdn.akamai.steamstatic.com/steam/apps/256857934/movie_max.mp4?t=1635435741,611390
1,256857931,Opening Movie,https://cdn.akamai.steamstatic.com/steam/apps/256857931/movie.293x165.jpg?t=1635435750,True,http://cdn.akamai.steamstatic.com/steam/apps/256857931/movie480_vp9.webm?t=1635435750,http://cdn.akamai.steamstatic.com/steam/apps/256857931/movie_max_vp9.webm?t=1635435750,http://cdn.akamai.steamstatic.com/steam/apps/256857931/movie480.mp4?t=1635435750,http://cdn.akamai.steamstatic.com/steam/apps/256857931/movie_max.mp4?t=1635435750,611390
0,256690420,The Munsters Munster Koach Construction Kit Trailer,https://cdn.akamai.steamstatic.com/steam/apps/256690420/movie.293x165.jpg?t=1500634939,True,http://cdn.akamai.steamstatic.com/steam/apps/256690420/movie480.webm?t=1500634939,http://cdn.akamai.steamstatic.com/steam/apps/256690420/movie_max.webm?t=1500634939,http://cdn.akamai.steamstatic.com/steam/apps/256690420/movie480.mp4?t=1500634939,http://cdn.akamai.steamstatic.com/steam/apps/256690420/movie_max.mp4?t=1500634939,611400
0,256690434,Knight Rider K.I.T.T. Construction Kit Trailer,https://cdn.akamai.steamstatic.com/steam/apps/256690434/movie.293x165.jpg?t=1500634878,True,http://cdn.akamai.steamstatic.com/steam/apps/256690434/movie480.webm?t=1500634878,http://cdn.akamai.steamstatic.com/steam/apps/256690434/movie_max.webm?t=1500634878,http://cdn.akamai.steamstatic.com/steam/apps/256690434/movie480.mp4?t=1500634878,http://cdn.akamai.steamstatic.com/steam/apps/256690434/movie_max.mp4?t=1500634878,611420
0,256690438,Back to the Future Time Machine Construction Kit Trailer,https://cdn.akamai.steamstatic.com/steam/apps/256690438/movie.293x165.jpg?t=1500634815,True,http://cdn.akamai.steamstatic.com/steam/apps/256690438/movie480.webm?t=1500634815,http://cdn.akamai.steamstatic.com/steam/apps/256690438/movie_max.webm?t=1500634815,http://cdn.akamai.steamstatic.com/steam/apps/256690438/movie480.mp4?t=1500634815,http://cdn.akamai.steamstatic.com/steam/apps/256690438/movie_max.mp4?t=1500634815,611421
0,256681607,SuperCluster: Void Gameplay Trailer,https://cdn.akamai.steamstatic.com/steam/apps/256681607/movie.293x165.jpg?t=1493258273,True,http://cdn.akamai.steamstatic.com/steam/apps/256681607/movie480.webm?t=1493258273,http://cdn.akamai.steamstatic.com/steam/apps/256681607/movie_max.webm?t=1493258273,http://cdn.akamai.steamstatic.com/steam/apps/256681607/movie480.mp4?t=1493258273,http://cdn.akamai.steamstatic.com/steam/apps/256681607/movie_max.mp4?t=1493258273,610740
0,256681495,Games&Girls Trailer,https://cdn.akamai.steamstatic.com/steam/apps/256681495/movie.293x165.jpg?t=1491988929,True,http://cdn.akamai.steamstatic.com/steam/apps/256681495/movie480.webm?t=1491988929,http://cdn.akamai.steamstatic.com/steam/apps/256681495/movie_max.webm?t=1491988929,http://cdn.akamai.steamstatic.com/steam/apps/256681495/movie480.mp4?t=1491988929,http://cdn.akamai.steamstatic.com/steam/apps/256681495/movie_max.mp4?t=1491988929,610750
0,256682758,Crazy Buggy Racing,https://cdn.akamai.steamstatic.com/steam/apps/256682758/movie.293x165.jpg?t=1491557850,True,http://cdn.akamai.steamstatic.com/steam/apps/256682758/movie480.webm?t=1491557850,http://cdn.akamai.steamstatic.com/steam/apps/256682758/movie_max.webm?t=1491557850,http://cdn.akamai.steamstatic.com/steam/apps/256682758/movie480.mp4?t=1491557850,http://cdn.akamai.steamstatic.com/steam/apps/256682758/movie_max.mp4?t=1491557850,610780
1,256682764,Trailer 2,https://cdn.akamai.steamstatic.com/steam/apps/256682764/movie.293x165.jpg?t=1491557859,True,http://cdn.akamai.steamstatic.com/steam/apps/256682764/movie480.webm?t=1491557859,http://cdn.akamai.steamstatic.com/steam/apps/256682764/movie_max.webm?t=1491557859,http://cdn.akamai.steamstatic.com/steam/apps/256682764/movie480.mp4?t=1491557859,http://cdn.akamai.steamstatic.com/steam/apps/256682764/movie_max.mp4?t=1491557859,610780
0,256681497,Gary Gulman: Boyish Man - Trailer,https://cdn.akamai.steamstatic.com/steam/apps/256681497/movie.293x165.jpg?t=1490716305,True,http://cdn.akamai.steamstatic.com/steam/apps/256681497/movie480.webm?t=1490716305,http://cdn.akamai.steamstatic.com/steam/apps/256681497/movie_max.webm?t=1490716305,http://cdn.akamai.steamstatic.com/steam/apps/256681497/movie480.mp4?t=1490716305,http://cdn.akamai.steamstatic.com/steam/apps/256681497/movie_max.mp4?t=1490716305,610790
0,256681765,What to eat Trailer,https://cdn.akamai.steamstatic.com/steam/apps/256681765/movie.293x165.jpg?t=1491545648,True,http://cdn.akamai.steamstatic.com/steam/apps/256681765/movie480.webm?t=1491545648,http://cdn.akamai.steamstatic.com/steam/apps/256681765/movie_max.webm?t=1491545648,http://cdn.akamai.steamstatic.com/steam/apps/256681765/movie480.mp4?t=1491545648,http://cdn.akamai.steamstatic.com/steam/apps/256681765/movie_max.mp4?t=1491545648,610810
1,256681762,Gacha Trailer,https://cdn.akamai.steamstatic.com/steam/apps/256681762/movie.293x165.jpg?t=1491545657,True,http://cdn.akamai.steamstatic.com/steam/apps/256681762/movie480.webm?t=1491545657,http://cdn.akamai.steamstatic.com/steam/apps/256681762/movie_max.webm?t=1491545657,http://cdn.akamai.steamstatic.com/steam/apps/256681762/movie480.mp4?t=1491545657,http://cdn.akamai.steamstatic.com/steam/apps/256681762/movie_max.mp4?t=1491545657,610810
2,256681763,BMI calculation Trailer,https://cdn.akamai.steamstatic.com/steam/apps/256681763/movie.293x165.jpg?t=1491545668,True,http://cdn.akamai.steamstatic.com/steam/apps/256681763/movie480.webm?t=1491545668,http://cdn.akamai.steamstatic.com/steam/apps/256681763/movie_max.webm?t=1491545668,http://cdn.akamai.steamstatic.com/steam/apps/256681763/movie480.mp4?t=1491545668,http://cdn.akamai.steamstatic.com/steam/apps/256681763/movie_max.mp4?t=1491545668,610810
3,256681764,Roll the dice Trailer,https://cdn.akamai.steamstatic.com/steam/apps/256681764/movie.293x165.jpg?t=1491545677,True,http://cdn.akamai.steamstatic.com/steam/apps/256681764/movie480.webm?t=1491545677,http://cdn.akamai.steamstatic.com/steam/apps/256681764/movie_max.webm?t=1491545677,http://cdn.akamai.steamstatic.com/steam/apps/256681764/movie480.mp4?t=1491545677,http://cdn.akamai.steamstatic.com/steam/apps/256681764/movie_max.mp4?t=1491545677,610810
0,256743033,JASEM 14.02.2019 Trailer,https://cdn.akamai.steamstatic.com/steam/apps/256743033/movie.293x165.jpg?t=1550158363,True,http://cdn.akamai.steamstatic.com/steam/apps/256743033/movie480.webm?t=1550158363,http://cdn.akamai.steamstatic.com/steam/apps/256743033/movie_max.webm?t=1550158363,http://cdn.akamai.steamstatic.com/steam/apps/256743033/movie480.mp4?t=1550158363,http://cdn.akamai.steamstatic.com/steam/apps/256743033/movie_max.mp4?t=1550158363,610840
1,256697297,JASEM 05.10 Trailer,https://cdn.akamai.steamstatic.com/steam/apps/256697297/movie.293x165.jpg?t=1507199052,True,http://cdn.akamai.steamstatic.com/steam/apps/256697297/movie480.webm?t=1507199052,http://cdn.akamai.steamstatic.com/steam/apps/256697297/movie_max.webm?t=1507199052,http://cdn.akamai.steamstatic.com/steam/apps/256697297/movie480.mp4?t=1507199052,http://cdn.akamai.steamstatic.com/steam/apps/256697297/movie_max.mp4?t=1507199052,610840
0,256683308,Intro,https://cdn.akamai.steamstatic.com/steam/apps/256683308/movie.293x165.jpg?t=1492296498,True,http://cdn.akamai.steamstatic.com/steam/apps/256683308/movie480.webm?t=1492296498,http://cdn.akamai.steamstatic.com/steam/apps/256683308/movie_max.webm?t=1492296498,http://cdn.akamai.steamstatic.com/steam/apps/256683308/movie480.mp4?t=1492296498,http://cdn.akamai.steamstatic.com/steam/apps/256683308/movie_max.mp4?t=1492296498,610860
1,256682887,game play,https://cdn.akamai.steamstatic.com/steam/apps/256682887/movie.293x165.jpg?t=1491936843,False,http://cdn.akamai.steamstatic.com/steam/apps/256682887/movie480.webm?t=1491936843,http://cdn.akamai.steamstatic.com/steam/apps/256682887/movie_max.webm?t=1491936843,http://cdn.akamai.steamstatic.com/steam/apps/256682887/movie480.mp4?t=1491936843,http://cdn.akamai.steamstatic.com/steam/apps/256682887/movie_max.mp4?t=1491936843,610860
0,256826550,Sumatra: Fate of Yandi - Release Trailer 2,https://cdn.akamai.steamstatic.com/steam/apps/256826550/movie.293x165.jpg?t=1616107563,True,http://cdn.akamai.steamstatic.com/steam/apps/256826550/movie480_vp9.webm?t=1616107563,http://cdn.akamai.steamstatic.com/steam/apps/256826550/movie_max_vp9.webm?t=1616107563,http://cdn.akamai.steamstatic.com/steam/apps/256826550/movie480.mp4?t=1616107563,http://cdn.akamai.steamstatic.com/steam/apps/256826550/movie_max.mp4?t=1616107563,610900
0,256681518,iStorm_1,https://cdn.akamai.steamstatic.com/steam/apps/256681518/movie.293x165.jpg?t=1491009320,True,http://cdn.akamai.steamstatic.com/steam/apps/256681518/movie480.webm?t=1491009320,http://cdn.akamai.steamstatic.com/steam/apps/256681518/movie_max.webm?t=1491009320,http://cdn.akamai.steamstatic.com/steam/apps/256681518/movie480.mp4?t=1491009320,http://cdn.akamai.steamstatic.com/steam/apps/256681518/movie_max.mp4?t=1491009320,610940
1,256681519,iStorm_2,https://cdn.akamai.steamstatic.com/steam/apps/256681519/movie.293x165.jpg?t=1491009331,True,http://cdn.akamai.steamstatic.com/steam/apps/256681519/movie480.webm?t=1491009331,http://cdn.akamai.steamstatic.com/steam/apps/256681519/movie_max.webm?t=1491009331,http://cdn.akamai.steamstatic.com/steam/apps/256681519/movie480.mp4?t=1491009331,http://cdn.akamai.steamstatic.com/steam/apps/256681519/movie_max.mp4?t=1491009331,610940
0,256683382,Trailer,https://cdn.akamai.steamstatic.com/steam/apps/256683382/movie.293x165.jpg?t=1492485440,True,http://cdn.akamai.steamstatic.com/steam/apps/256683382/movie480.webm?t=1492485440,http://cdn.akamai.steamstatic.com/steam/apps/256683382/movie_max.webm?t=1492485440,http://cdn.akamai.steamstatic.com/steam/apps/256683382/movie480.mp4?t=1492485440,http://cdn.akamai.steamstatic.com/steam/apps/256683382/movie_max.mp4?t=1492485440,610960
1,256683101,Record,https://cdn.akamai.steamstatic.com/steam/apps/256683101/movie.293x165.jpg?t=1492229841,True,http://cdn.akamai.steamstatic.com/steam/apps/256683101/movie480.webm?t=1492229841,http://cdn.akamai.steamstatic.com/steam/apps/256683101/movie_max.webm?t=1492229841,http://cdn.akamai.steamstatic.com/steam/apps/256683101/movie480.mp4?t=1492229841,http://cdn.akamai.steamstatic.com/steam/apps/256683101/movie_max.mp4?t=1492229841,610960
0,256724933,The Midnight Sanctuary Trailer,https://cdn.akamai.steamstatic.com/steam/apps/256724933/movie.293x165.jpg?t=1536812794,True,http://cdn.akamai.steamstatic.com/steam/apps/256724933/movie480.webm?t=1536812794,http://cdn.akamai.steamstatic.com/steam/apps/256724933/movie_max.webm?t=1536812794,http://cdn.akamai.steamstatic.com/steam/apps/256724933/movie480.mp4?t=1536812794,http://cdn.akamai.steamstatic.com/steam/apps/256724933/movie_max.mp4?t=1536812794,610980
